1,Zackary Cotton,28,M,6
2,Luba Cruz,68,F,2
3,Benny Gallagher,65,M,4
4,Ethelene Paul,64,F,5
5,Edmond Williamson,36,M,4
6,Pamila Fields,48,F,9
7,Olin Gay,40,M,8
8,Chasidy O'neill,54,F,1
9,Guadalupe Hinton,34,M,5
10,Joye Hewitt,51,F,6
11,Collin Mathews,54,M,2
12,Loreen Wise,33,F,3
13,Rick Key,44,M,3
14,Eustolia Mccoy,43,F,9
15,Sal Rivas,67,M,6
16,Leonia Berry,54,F,6
17,Reginald Ballard,44,M,5
18,Becki Mckay,28,F,1
19,Gavin Combs,37,M,7
20,Xiao Meyers,25,F,9
21,Eugene Downs,33,M,8
22,Sage Jarvis,46,F,2
23,Cesar Terry,55,M,7
24,Sage Vega,30,F,4
25,Chris Davidson,43,M,6
26,Maurice Heath,27,F,1
27,Tyler Wiggins,40,M,9
28,Genny Singleton,56,F,5
29,Porter Waters,63,M,1
30,Alverta Kent,35,F,6
31,Salvatore Decker,49,M,5
32,Xuan Dodson,32,F,8
33,Myles Morgan,50,M,5
34,Wendolyn Buckner,64,F,8
35,Timothy Buckley,46,M,4
36,Dennise Humphrey,39,F,8
37,Benton Wolfe,26,M,7
38,Lala England,29,F,9
39,Marcus Perry,70,M,4
40,Lorriane Woodward,37,F,4
41,Rashad Casey,66,M,7
42,Brittny Calhoun,63,F,7
43,Dwayne Foreman,38,M,6
44,Golden Barrett,41,F,6
45,Jimmie Merritt,46,M,3
46,Florance Roman,37,F,9
47,Dirk Elliott,68,M,1
48,Paz Bauer,70,F,6
49,Josiah Britt,29,M,2
50,Brande Nelson,25,F,1
51,Barrett Travis,33,M,5
52,Pinkie Davidson,31,F,5
53,Octavio Boone,52,M,8
54,Roselle Carrillo,27,F,3
55,Rosario West,53,M,3
56,Cuc Morton,26,F,6
57,Al Johnston,60,M,7
58,Miyoko Horne,58,F,6
59,Vance Hatfield,25,M,5
60,Jenette Santiago,63,F,8
61,Les Shaw,46,M,4
62,Joie Schroeder,53,F,5
63,Tomas Becker,38,M,7
64,Cristie Clayton,56,F,4
65,Bertram Roth,37,M,4
66,Jeneva Cote,59,F,9
67,Ethan Tyler,30,M,1
68,Britany Allison,37,F,6
69,Jonathon Davenport,32,M,2
70,Marna Barrett,47,F,6
71,Scott Cohen,28,M,3
72,Gema Brock,24,F,5
73,Garret Murray,46,M,9
74,Dalila Lopez,35,F,5
75,Ellsworth Sears,55,M,3
76,Reiko Snyder,50,F,4
77,Miquel Decker,28,M,5
78,Scottie Guerrero,42,F,3
79,Delmer Douglas,44,M,6
80,Minda Hodges,62,F,6
81,Denis Mcintyre,49,M,3
82,Lakenya Bush,70,F,2
83,Florencio House,56,M,1
84,Shae Faulkner,41,F,6
85,Mauro Casey,26,M,5
86,Janyce Koch,32,F,1
87,Lewis Irwin,63,M,6
88,Dalila Dillon,68,F,7
89,Ralph Reynolds,62,M,3
90,Dawne Marquez,37,F,4
91,Marty Bradshaw,50,M,2
92,Kourtney Good,47,F,8
93,Nathan Wallace,69,M,3
94,Rachal Mcclure,69,F,8
95,Tim Charles,38,M,6
96,Kaylene Dixon,40,F,1
97,Will Dickerson,38,M,1
98,Annita Gardner,27,F,6
99,Barney Mccoy,51,M,2
100,Shan Hester,45,F,6
101,Abraham Kinney,68,M,3
102,Marhta Woodward,54,F,3
103,Carlo Saunders,61,M,6
104,Aleen Clemons,46,F,7
105,Howard Brown,47,M,5
106,Ming Luna,26,F,6
107,Earle Petersen,45,M,7
108,Brian Joyner,58,F,9
109,Dee Roberson,37,M,6
110,Albertine Berry,49,F,7
111,Winford Morrow,50,M,7
112,Delcie Solis,37,F,2
113,Chi Craft,59,M,4
114,Nohemi Gillespie,39,F,9
115,Elias Dickson,44,M,7
116,Timothy Brock,24,F,7
117,Donny Mcleod,29,M,3
118,Jacki Shepard,36,F,1
119,Tory Bradford,56,M,5
120,Yelena Clark,36,F,9
121,Ernest Dudley,34,M,3
122,Blake Cantrell,68,F,5
123,Samuel Lynn,69,M,4
124,Audie Huber,56,F,9
125,German Cotton,30,M,2
126,Emerita Graves,42,F,1
127,Rick Dejesus,45,M,9
128,Malorie Rios,49,F,8
129,Shirley Pollard,47,M,1
130,Chanelle Bishop,46,F,7
131,Ron Farrell,24,M,1
132,Taunya Ellison,35,F,2
133,Lucio Frye,43,M,6
134,Chery Chaney,57,F,3
135,Robin Rosa,47,M,5
136,Kathe Frye,57,F,3
137,Roland Vincent,29,M,1
138,Linn Newman,64,F,2
139,Jude Hawkins,40,M,4
140,Krissy Tyler,28,F,6
141,Jorge Bowman,29,M,1
142,Miesha Middleton,38,F,1
143,Trenton Hamilton,50,M,6
144,Ariane Brewer,55,F,1
145,Abram Wilder,67,M,4
146,Drucilla Decker,52,F,4
147,Alfredo Alexander,38,M,8
148,Jamika Whitfield,37,F,8
149,Jorge Cook,54,M,7
150,Celinda England,62,F,9
151,Frank Skinner,32,M,3
152,Margeret Dennis,35,F,5
153,Cameron Higgins,38,M,2
154,Renna Bentley,24,F,2
155,Alfredo Floyd,28,M,1
156,Dyan Kennedy,41,F,3
157,Brendan Hart,46,M,2
158,Khalilah Arnold,55,F,9
159,Herbert Mccoy,54,M,9
160,Debera Sanders,68,F,9
161,Freeman Compton,70,M,1
162,Launa David,60,F,7
163,Branden Mcneil,32,M,2
164,Lala Burns,32,F,6
165,Clint Ford,65,M,1
166,Kanesha Webster,65,F,7
167,Merrill Leonard,26,M,2
168,Louvenia Frazier,61,F,3
169,Demetrius Craft,66,M,2
170,Hang Benson,25,F,5
171,Roman Manning,43,M,9
172,Ka Bowers,68,F,5
173,Rodolfo Ellison,55,M,7
174,Arlena Mullins,69,F,7
175,Geoffrey Harvey,59,M,3
176,Kenyetta Levy,35,F,6
177,Eldon Fox,55,M,4
178,Janiece Mays,36,F,6
179,Karl Sutton,35,M,3
180,Kimi Schultz,62,F,1
181,Lemuel Allison,68,M,1
182,Arlyne Pope,36,F,7
183,Nathaniel Watkins,68,M,2
184,Bong Bond,65,F,6
185,Kris Richardson,56,M,4
186,Chan Ramos,38,F,6
187,Leonel Mcbride,49,M,6
188,Sima Downs,31,F,6
189,Francesco Solomon,29,M,3
190,Anamaria Powell,50,F,2
191,Rocky Hood,47,M,7
192,Berneice Kane,60,F,4
193,Oswaldo Wilkins,34,M,3
194,Cuc Holcomb,42,F,1
195,Nathanial Harvey,58,M,7
196,Jonelle Ayala,52,F,3
197,Russel Meadows,46,M,9
198,Leanora Barrett,39,F,6
199,Beau Calderon,28,M,1
200,Eugene Brock,47,F,7
201,Alvaro Lee,60,M,6
202,Maryetta Short,65,F,5
203,Earl Dawson,58,M,6
204,Mee Hoffman,57,F,7
205,Anibal Gill,36,M,8
206,Carletta Ochoa,69,F,7
207,Hiram Goff,30,M,1
208,Daniell Velazquez,50,F,4
209,Hugh Beck,56,M,8
210,Amiee Branch,28,F,9
211,Reyes Atkins,36,M,3
212,Lilliam Reyes,41,F,2
213,Bertram Becker,44,M,2
214,Cinderella Bray,34,F,2
215,Chas Harrell,67,M,4
216,Marth Barrett,40,F,1
217,Harley Fulton,38,M,4
218,Kena Rosario,30,F,6
219,Berry Charles,44,M,7
220,Vivienne Hood,28,F,8
221,Boris Bullock,50,M,5
222,Evita Sexton,59,F,1
223,Randal Johnson,36,M,3
224,Signe Larson,53,F,1
225,Yong Boone,59,M,4
226,Shaquita Patton,51,F,9
227,Antony Guerra,34,M,7
228,Daine Good,41,F,1
229,Hugo Sellers,67,M,8
230,Christene Stanton,54,F,3
231,Dorian Gamble,65,M,3
232,Dann Lambert,47,F,2
233,Percy Hardin,63,M,9
234,Yun Mays,37,F,3
235,Don Barber,24,M,4
236,Diamond Alston,26,F,2
237,Sid Mcleod,34,M,4
238,Shyla Mcpherson,52,F,8
239,Joshua Lewis,68,M,4
240,Elizabeth Thornton,59,F,8
241,Henry Shepard,65,M,2
242,Blythe Chavez,61,F,9
243,Homer Mason,48,M,8
244,Otelia Walker,37,F,1
245,Jamar Wilcox,28,M,8
246,Shanae Pacheco,62,F,4
247,Guillermo West,53,M,9
248,Omega Harris,54,F,9
249,Gavin Andrews,41,M,1
250,Arlette Porter,54,F,9
251,Isaiah Guerrero,48,M,3
252,Treasa Weaver,67,F,8
253,Stacey Rose,35,M,3
254,Un Walters,36,F,4
255,Javier Sullivan,47,M,3
256,Melodee Cook,29,F,4
257,Vincenzo King,55,M,4
258,Neely Goff,24,F,7
259,Duane Sampson,53,M,1
260,Grazyna Reeves,46,F,9
261,Rhett Wood,33,M,4
262,Jenine Keith,51,F,6
263,Malcolm Mack,38,M,3
264,Hsiu Ross,52,F,8
265,Horace Moore,50,M,3
266,Coletta Jacobs,52,F,4
267,Keven Watts,67,M,2
268,Vennie Gentry,57,F,9
269,Clifford Herrera,39,M,7
270,Sylvie Hopkins,56,F,9
271,Percy English,68,M,4
272,Suzi Slater,53,F,9
273,Hilton Snider,46,M,3
274,Zita Clarke,60,F,5
275,Antoine Booker,35,M,9
276,Sherley Sykes,65,F,1
277,Kelvin Ward,33,M,3
278,Sommer Burton,36,F,5
279,Sherman Snider,54,M,4
280,Marin Long,63,F,2
281,Leopoldo Cooley,26,M,8
282,Twanda Livingston,69,F,9
283,Blake Cobb,56,M,3
284,Particia Quinn,70,F,4
285,Burton Wood,48,M,5
286,Fredericka Adams,66,F,2
287,Larry Kramer,43,M,7
288,Tamekia Mcmillan,52,F,6
289,Maynard Gibson,28,M,7
290,Angla Monroe,24,F,9
291,Rodrick Miranda,30,M,1
292,Winter Reid,37,F,8
293,Marcelo Pruitt,58,M,3
294,Donella Day,60,F,1
295,Benito Vega,50,M,1
296,Ethelene Sloan,69,F,9
297,Jarvis Hawkins,51,M,4
298,Mariette Sparks,53,F,9
299,Fredric Henson,33,M,4
300,Carola William,50,F,6
301,Rex Baker,24,M,9
302,Jina Carney,59,F,5
303,Vincent Hayes,27,M,8
304,Irish Ochoa,59,F,4
305,Zack Greene,44,M,5
306,January Calderon,66,F,2
307,Hayden Melendez,48,M,4
308,Tomiko Mack,53,F,6
309,Tim Simmons,27,M,3
310,Kathyrn Conley,39,F,7
311,Kerry Brewer,29,M,8
312,Nerissa Hammond,53,F,2
313,Kareem William,31,M,8
314,Rema Hensley,37,F,1
315,Mauro Noel,57,M,5
316,Jaymie Rich,58,F,6
317,Whitney Park,43,M,9
318,Drusilla Norman,56,F,8
319,Wiley O'neal,62,M,1
320,Dot Morse,59,F,5
321,Parker Cannon,69,M,5
322,Leeanna Craig,53,F,9
323,Jacques Hardin,42,M,1
324,Cuc Michael,52,F,4
325,Lanny Whitfield,56,M,8
326,Lavenia Hernandez,37,F,1
327,Tomas Lawrence,26,M,9
328,Jalisa Frank,62,F,9
329,Kasey Soto,53,M,2
330,Latia Sheppard,44,F,8
331,Solomon Sims,69,M,8
332,Karisa Cabrera,38,F,6
333,Alphonso Hendricks,29,M,2
334,Violette Travis,67,F,6
335,Tobias Beard,26,M,9
336,Clarisa Stokes,67,F,9
337,Wiley Stephenson,53,M,6
338,Telma Juarez,57,F,1
339,Fletcher Blackburn,51,M,4
340,Deandra Guthrie,35,F,2
341,Lawrence Frost,24,M,8
342,Lasonya Mcfarland,62,F,9
343,Luke Collier,67,M,3
344,Lorrine Patel,30,F,3
345,Dana Everett,25,M,4
346,Elene Trevino,46,F,7
347,Derrick Hart,24,M,8
348,Pandora Molina,47,F,6
349,Dalton Robles,26,M,2
350,Meda Lester,29,F,8
351,Donny Snow,37,M,6
352,Terica Conner,52,F,8
353,Keenan Terry,34,M,6
354,Corliss Justice,41,F,9
355,Kerry Bruce,66,M,8
356,Mendy Mcmillan,26,F,7
357,Jay Solomon,66,M,1
358,Zenia Davenport,59,F,8
359,Mauricio Rios,53,M,5
360,Margurite Miller,69,F,6
361,Leroy Avery,31,M,3
362,Erminia Christian,66,F,8
363,Vince Rutledge,70,M,4
364,Naoma Dale,59,F,6
365,Forrest Craft,45,M,3
366,Temeka Colon,33,F,6
367,Ivory Bates,28,M,1
368,Deja Hubbard,46,F,6
369,Osvaldo Dyer,44,M,8
370,Krysta Mcmillan,55,F,5
371,Leif Conley,57,M,9
372,Leanora Peters,39,F,7
373,Mack Welch,60,M,1
374,Illa Gomez,66,F,1
375,Dalton Noble,57,M,5
376,Tobi Swanson,56,F,7
377,Clifton Wilkinson,67,M,3
378,Parthenia Rivas,25,F,1
379,Sammie Wiggins,34,M,3
380,Danille Simmons,39,F,2
381,Jacques Rocha,49,M,2
382,Johnsie Willis,51,F,8
383,Thad Blackwell,69,M,1
384,Stephnie Burns,61,F,7
385,Efrain Coleman,60,M,5
386,Rheba Byers,52,F,7
387,Lauren Barnett,35,M,9
388,Mireille Mcknight,37,F,3
389,Jules Willis,42,M,4
390,Alyse Baker,62,F,1
391,Kip Adams,30,M,4
392,Aleshia Moon,26,F,2
393,Elijah Guthrie,56,M,6
394,Neely Anderson,24,F,5
395,Bert Page,26,M,7
396,Salley Sullivan,49,F,2
397,Ted Marshall,45,M,5
398,Marni Walters,26,F,1
399,Raymond Arnold,24,M,1
400,Lawrence Patterson,38,F,7
401,Clarence Macias,25,M,3
402,Gracia Atkinson,67,F,1
403,Felix Calhoun,66,M,5
404,Aaron Ballard,67,F,9
405,Randell Lucas,50,M,2
406,Joye Jones,55,F,4
407,Jeromy Powers,37,M,2
408,Sharika Bates,61,F,2
409,Donny Patel,51,M,8
410,Candra Quinn,41,F,6
411,Morris Stone,26,M,7
412,Devora Andrews,50,F,9
413,Brenton Macias,49,M,1
414,Tandra Wiley,70,F,5
415,Perry West,31,M,2
416,Chan Graves,27,F,9
417,Johnson Riggs,39,M,9
418,Lakeesha Becker,53,F,6
419,Fredrick Dennis,43,M,2
420,Carita Mcclure,68,F,4
421,Gonzalo Foley,33,M,9
422,Shira Sanchez,44,F,5
423,Thaddeus Grant,42,M,2
424,Tama Finch,58,F,6
425,Erik Ray,38,M,9
426,Isidra Carr,32,F,8
427,Ernie Wilder,36,M,2
428,Denae Mcdowell,51,F,1
429,Aurelio Cameron,41,M,9
430,Sumiko Haney,68,F,1
431,Rolf Booker,33,M,6
432,Vinita Wynn,69,F,5
433,Nicolas Page,56,M,4
434,Francie Howell,66,F,7
435,Antonia Norris,49,M,5
436,Neely Hawkins,57,F,4
437,Luciano Valencia,28,M,4
438,Somer Velazquez,68,F,9
439,Jordan Nelson,52,M,6
440,Cassy Huber,39,F,7
441,Eliseo Alford,62,M,3
442,Jone Preston,37,F,5
443,Burt Vasquez,44,M,1
444,Emilee Ellison,37,F,8
445,Deandre Blackburn,66,M,9
446,Daniele Merrill,47,F,1
447,Herbert Kent,41,M,2
448,Jessi Holt,32,F,3
449,Roberto William,53,M,4
450,Qiana Spencer,42,F,9
451,Antony Jones,66,M,2
452,Freeda Miller,33,F,4
453,Brian Dickson,50,M,1
454,Tonita Shaffer,70,F,7
455,Shaun Craig,29,M,7
456,Danyelle Harrison,46,F,4
457,Parker Watkins,33,M,6
458,Samira Hill,70,F,9
459,Johnnie Barlow,52,M,8
460,Daisey Callahan,43,F,3
461,Oren Walters,57,M,3
462,Sindy Ortiz,48,F,5
463,Wiley Gallagher,61,M,4
464,Tegan Brewer,52,F,4
465,Arthur Jimenez,70,M,7
466,Emerita Kirkland,70,F,5
467,Hipolito Pierce,45,M,5
468,Jae Knapp,54,F,1
469,Elijah Stewart,26,M,8
470,Aide Mcintosh,58,F,4
471,Grant Austin,69,M,8
472,Rasheeda Hoffman,61,F,5
473,Kory Lewis,37,M,5
474,Mardell Preston,39,F,7
475,Alex Richardson,32,M,2
476,Lyndia Parsons,37,F,4
477,Denny Schroeder,54,M,7
478,Maurita Ayers,39,F,9
479,Kelly Gutierrez,62,M,2
480,Katherina Cooke,66,F,1
481,Travis Lowery,38,M,9
482,Ossie Frost,28,F,5
483,Ignacio Carney,38,M,3
484,Katelynn Leonard,50,F,3
485,Matt Jordan,44,M,9
486,Melissia Harmon,70,F,4
487,Bradly Santos,64,M,2
488,Jadwiga Estes,70,F,8
489,Adrian Webster,47,M,6
490,Sharolyn Gibson,26,F,3
491,Korey Lancaster,39,M,6
492,Catarina Gross,43,F,8
493,Eldridge Livingston,59,M,8
494,Maire Robinson,36,F,7
495,Rudolf Bullock,33,M,8
496,Brett Dean,43,F,6
497,Weldon Wheeler,63,M,6
498,Rosamaria Boone,62,F,4
499,Tobias Jacobs,40,M,6
500,Jani Robles,28,F,6
501,Elmer Doyle,64,M,4
502,Lala Stafford,27,F,1
503,Donn Gaines,51,M,6
504,Jeni Clements,34,F,2
505,Willy Hamilton,30,M,1
506,Tiera Barr,32,F,2
507,Tory Maxwell,69,M,5
508,Lane Curry,24,F,3
509,Logan Gregory,56,M,4
510,Rea Levine,35,F,5
511,Major Guthrie,66,M,9
512,Hang Salazar,28,F,1
513,Edgardo Nolan,38,M,1
514,Nubia Buchanan,61,F,1
515,Thomas Sampson,45,M,6
516,Theola Daniels,67,F,7
517,Virgilio Stout,69,M,1
518,Vashti Buckley,62,F,8
519,Edgardo Doyle,62,M,8
520,Myesha Talley,67,F,1
521,Garth Fischer,29,M,6
522,Hildegarde Shaffer,27,F,2
523,Gonzalo Cooley,48,M,9
524,Joannie Ochoa,65,F,2
525,Franklyn Mcclure,24,M,8
526,Laveta Barnett,63,F,3
527,Aurelio Garcia,65,M,9
528,Daysi Peck,52,F,5
529,Marcelo Horton,57,M,4
530,Letisha Rios,66,F,1
531,Cordell Serrano,40,M,2
532,Joie Pope,29,F,6
533,Reed Becker,34,M,5
534,Carola Harrison,51,F,3
535,Devon Suarez,52,M,3
536,Sabine Castaneda,61,F,8
537,Ronnie Banks,44,M,7
538,Siu Boyd,48,F,7
539,Shelby Roman,49,M,6
540,Tilda Daugherty,61,F,3
541,Garret Villarreal,51,M,7
542,Twanna Nolan,24,F,1
543,Josef Odom,69,M,3
544,Dannette Lawson,52,F,8
545,Keven Stark,48,M,1
546,Lala Burris,67,F,5
547,Lorenzo Leonard,36,M,5
548,Joie Swanson,53,F,9
549,Ronny Shepard,38,M,5
550,Edyth Burke,51,F,8
551,Florencio Hale,55,M,4
552,Alayna Hardy,34,F,8
553,Devin Nieves,54,M,6
554,Versie Sherman,51,F,1
555,Micheal Zimmerman,33,M,4
556,Tamisha Rush,69,F,3
557,Donny Crane,66,M,2
558,Naoma Webster,49,F,3
559,Arturo Caldwell,38,M,4
560,Britta Gould,39,F,8
561,Rupert Sargent,51,M,2
562,Kimiko Hayes,42,F,4
563,Brooks Weber,26,M,9
564,Wonda Mcdaniel,59,F,8
565,Duane Ratliff,46,M,4
566,Shae Gordon,56,F,2
567,Darrick Bird,54,M,9
568,Diamond Clarke,58,F,2
569,Lynwood Suarez,51,M,7
570,Spring Griffith,60,F,3
571,Derek Dillon,31,M,8
572,Tayna Hurley,27,F,1
573,Arturo Kline,48,M,4
574,Coletta Lang,44,F,1
575,Felix Head,33,M,2
576,Lavona Hull,39,F,1
577,Orville Wynn,39,M,7
578,Taisha Stein,67,F,5
579,Cyril Henderson,38,M,7
580,Robena Hopkins,57,F,9
581,Denis Nixon,57,M,4
582,Tianna Velasquez,41,F,8
583,Cory Stokes,44,M,6
584,Mckenzie Paul,61,F,7
585,Tobias Stevens,70,M,8
586,Sherlene Dennis,52,F,8
587,Dewayne Wong,33,M,9
588,Corie Sykes,54,F,2
589,Drew Maxwell,63,M,6
590,Cammy Ashley,68,F,8
591,Randy Hill,38,M,7
592,Stefania Mckinney,39,F,4
593,Arlen Boyd,62,M,5
594,Belkis Campos,56,F,5
595,Darrel Mccarthy,44,M,2
596,Love Mercado,68,F,8
597,Bud Dominguez,34,M,6
598,Paulita Simmons,52,F,1
599,Troy Anderson,51,M,2
600,Tabetha Wagner,38,F,8
601,Manual Byers,60,M,1
602,Fredricka Chaney,36,F,4
603,Salvatore Sweet,65,M,6
604,Alise Ortega,47,F,7
605,Brett Crawford,46,M,4
606,Angelo Richards,42,F,9
607,Young Dodson,29,M,9
608,Halina Riley,65,F,6
609,Royce Joyner,55,M,9
610,Shantay Herman,58,F,3
611,Rocky Ewing,66,M,1
612,Scott Fry,68,F,8
613,Carlton Dawson,36,M,7
614,Debbi Lopez,59,F,1
615,Omer Haney,50,M,1
616,Pauletta Fowler,37,F,1
617,Fred Bradley,69,M,6
618,Thu Rocha,67,F,8
619,Ronny Livingston,34,M,9
620,Cheree Contreras,37,F,4
621,Royce Zimmerman,61,M,1
622,Daphine Merrill,48,F,6
623,Raymond Walters,67,M,8
624,Pamula Tillman,46,F,8
625,Ernesto Simmons,54,M,5
626,Nu Petty,66,F,1
627,Milton Walters,44,M,4
628,Shaunte James,32,F,3
629,Travis Wooten,35,M,3
630,Afton Hicks,70,F,2
631,Myles Herrera,33,M,6
632,Jeanelle West,44,F,6
633,Glen Vaughan,46,M,8
634,Christene Fletcher,58,F,6
635,Jackie Woodard,42,M,1
636,Thalia Bartlett,37,F,6
637,Andrew Grant,47,M,9
638,Cyndy Knowles,57,F,1
639,Peter Rogers,63,M,1
640,Dani Harrison,66,F,4
641,Refugio Flowers,50,M,4
642,Monet Hooper,24,F,3
643,Tyron Holder,65,M,9
644,Melania Guy,63,F,3
645,Warner Conway,49,M,4
646,Remedios Faulkner,24,F,2
647,Lenny Bass,61,M,9
648,Akilah Kline,60,F,6
649,Danny Whitfield,33,M,7
650,Alverta Wiley,29,F,3
651,Titus Trevino,66,M,9
652,Genna Strong,41,F,3
653,Pat Hall,49,M,4
654,Jonelle Miles,55,F,5
655,Korey Cherry,46,M,6
656,Angelic David,47,F,3
657,Margarito Guzman,51,M,1
658,Frank Moon,68,F,4
659,Brenton Santos,37,M,7
660,Luetta Robbins,55,F,9
661,Andrea Wong,61,M,1
662,Paz Luna,57,F,1
663,Dustin Baird,65,M,6
664,Solange Guerra,70,F,4
665,Fabian Lopez,55,M,9
666,Pei Delacruz,28,F,7
667,Alexander Oliver,39,M,4
668,Lakendra Knowles,52,F,2
669,Benton Slater,66,M,9
670,Leonore Calderon,37,F,1
671,Barrett Gross,47,M,7
672,Epifania Mosley,58,F,7
673,Simon Stanley,55,M,9
674,Jene Alford,60,F,3
675,Isiah Bradley,34,M,9
676,Venice Mcintosh,26,F,1
677,Merle Daugherty,37,M,5
678,Aiko Vinson,52,F,1
679,Preston Wilkerson,45,M,7
680,Tyesha Duke,50,F,7
681,Robt Juarez,57,M,6
682,Liberty Mcguire,26,F,5
683,Saul Bauer,30,M,7
684,Eneida Franklin,25,F,4
685,Jonathon Vance,59,M,7
686,Eilene Stephens,44,F,6
687,Hollis Mueller,58,M,6
688,Patience Mclaughlin,26,F,8
689,Tracy Brennan,45,M,8
690,Jessika Matthews,59,F,5
691,Frederic Harding,25,M,1
692,Dominque Phelps,38,F,6
693,Boyce Chambers,40,M,1
694,Florrie Simmons,52,F,9
695,Howard Sexton,52,M,1
696,Kenneth Head,29,F,7
697,Devin Curtis,32,M,6
698,Shonna Hess,39,F,4
699,Marc Randall,60,M,9
700,Ardell Kaufman,49,F,6
701,Tyler Weiss,70,M,3
702,Yuk Ballard,53,F,5
703,Royce Thompson,61,M,7
704,Stefania Williams,44,F,7
705,Tory Bernard,24,M,4
706,Edris Salazar,47,F,5
707,Gary Figueroa,59,M,3
708,Torri Dominguez,30,F,4
709,Don Mercado,35,M,8
710,Maryln Bradley,65,F,8
711,Federico Hamilton,67,M,1
712,Sommer Bridges,35,F,3
713,Lesley Pierce,42,M,5
714,Kandis Burgess,37,F,8
715,Milo Morse,69,M,5
716,Marleen Douglas,57,F,4
717,Isreal Moss,31,M,5
718,Kimbra Bradley,39,F,2
719,Rex Stokes,54,M,5
720,Lynsey Mitchell,53,F,2
721,Haywood Horn,33,M,9
722,Mahalia Cochran,32,F,1
723,Luther Joyce,64,M,3
724,Alfredia Levine,42,F,4
725,Ryan Duffy,45,M,4
726,Lorina Pratt,34,F,2
727,Frederick Wilcox,30,M,5
728,Deja Moore,33,F,5
729,Benito Dunn,34,M,8
730,Serita Hale,40,F,1
731,Hugo Fuentes,66,M,7
732,Lurlene Reid,58,F,4
733,Johnson Hammond,39,M,9
734,Lillia Booth,35,F,1
735,Mario Hobbs,58,M,1
736,Genna Grimes,28,F,5
737,Glen Cherry,61,M,7
738,Henry Hess,27,F,4
739,Reggie Hyde,36,M,1
740,Mercedez Blackwell,40,F,2
741,Jeremy Grimes,67,M,8
742,Magdalen Mccarty,43,F,7
743,Mel Randall,32,M,7
744,Hyo Hanson,66,F,2
745,Harrison Marks,27,M,8
746,Numbers Chan,48,F,2
747,Rich Ortega,36,M,5
748,Yuriko Workman,45,F,4
749,Cortez Jennings,39,M,1
750,Daniele Fulton,42,F,1
751,Nick Bartlett,37,M,9
752,Ressie Stanton,48,F,9
753,Linwood Wilkinson,65,M,9
754,Logan Nolan,36,F,8
755,Warner Hanson,27,M,3
756,Loralee Potter,68,F,9
757,Armando Nelson,38,M,9
758,Rebecka Mayo,69,F,1
759,Earnest Lawson,38,M,2
760,Taina Hyde,41,F,9
761,Lavern Butler,69,M,5
762,Joya Donaldson,64,F,3
763,Claude Hubbard,62,M,6
764,Lasandra Sears,41,F,5
765,Hector Mcgowan,28,M,8
766,Elly Thomas,48,F,1
767,Cliff Rivera,61,M,3
768,Sulema Tyler,60,F,7
769,Caleb Alexander,62,M,8
770,Xochitl Holcomb,57,F,3
771,Scot Mcmahon,24,M,5
772,Zana Gentry,31,F,2
773,Mark Kelly,64,M,7
774,Diedre Dominguez,64,F,8
775,Chris Tyson,44,M,1
776,Georgeann Barr,57,F,8
777,Homer Blake,26,M,4
778,Joya Prince,41,F,5
779,Omar Hernandez,61,M,9
780,Sheridan England,55,F,5
781,Victor Brooks,35,M,3
782,Eneida Vang,62,F,3
783,Danilo Stephenson,36,M,7
784,Emilee Bradford,59,F,1
785,Marcelino Schwartz,35,M,8
786,Noella Harrington,45,F,8
787,Leonardo Butler,27,M,6
788,Sherlyn Navarro,68,F,9
789,Daron Delgado,57,M,9
790,Jadwiga Head,55,F,7
791,Mariano Gilliam,48,M,2
792,Ileen Ferrell,49,F,9
793,Josef Howard,70,M,6
794,Jovan Johnson,54,F,5
795,Jae Terrell,63,M,5
796,Shayne Cantrell,53,F,7
797,Christopher Rodriquez,54,M,4
798,Andera Franco,35,F,5
799,Alden Gibson,31,M,9
800,Katharyn Berry,58,F,7
801,Newton Burnett,42,M,1
802,Gary Wooten,52,F,8
803,Percy Fox,38,M,4
804,Tiffaney Miller,54,F,1
805,Carlton Snow,39,M,8
806,Neta Farmer,52,F,9
807,Kurt Cummings,50,M,6
808,Melodee Mooney,51,F,3
809,Boyd Workman,34,M,8
810,Janita Hardy,51,F,9
811,Barry Holland,57,M,9
812,Elenore Wong,36,F,2
813,Ned Smith,35,M,9
814,Trinh Skinner,28,F,2
815,Parker Hays,54,M,5
816,Lorita Bright,46,F,7
817,Hai Chen,55,M,4
818,Cher Graves,41,F,5
819,Emery Nguyen,41,M,4
820,Vivien Buckley,27,F,3
821,Colin Jenkins,34,M,4
822,Ranee Hahn,34,F,3
823,Jeff Miles,44,M,9
824,Mora Morgan,54,F,8
825,Lawrence Nolan,52,M,1
826,Alix Cortez,59,F,1
827,Zachariah Terry,49,M,8
828,Lashaun Barton,36,F,6
829,Dillon Herring,26,M,3
830,Tonda Lawson,55,F,7
831,Aurelio Stanton,60,M,3
832,Cherelle Hinton,51,F,6
833,Luigi Coleman,25,M,3
834,Bethel Boyd,48,F,3
835,Edgar Macias,59,M,2
836,Jesusa Bender,49,F,2
837,Isaias Roberts,26,M,1
838,Lavone Delgado,46,F,4
839,Irving Kirk,53,M,6
840,Earleen Best,36,F,7
841,Glen Haynes,63,M,3
842,Kam Gay,59,F,8
843,Kasey Harding,58,M,1
844,Margeret Rosales,41,F,6
845,Rory Valdez,25,M,2
846,Tamekia Owens,42,F,4
847,Garrett Navarro,46,M,8
848,Ricki Rojas,42,F,2
849,Del Huffman,34,M,8
850,Amiee Dalton,57,F,5
851,Alva Gilmore,42,M,8
852,Lucina Mcdonald,25,F,8
853,Kennith Strickland,60,M,5
854,Georgiann Bolton,43,F,6
855,Adrian Rhodes,27,M,8
856,Salome Lindsay,63,F,1
857,Xavier Jenkins,33,M,2
858,Donette Hall,42,F,1
859,Jean Webb,65,M,8
860,Ivana Sampson,52,F,2
861,Tod Rivers,46,M,8
862,Chantay Sampson,49,F,7
863,Scott Bowers,35,M,6
864,Naoma Griffith,53,F,5
865,Allen Hamilton,34,M,4
866,Kacy Soto,62,F,7
867,Neal Gaines,58,M,3
868,Fredericka Shannon,30,F,1
869,Otto Waters,60,M,6
870,Donnette Hayden,50,F,7
871,Zack Maddox,68,M,3
872,Dorine Mathews,25,F,8
873,Alec Cleveland,49,M,5
874,Linsey Berger,69,F,8
875,Rigoberto Valenzuela,42,M,3
876,Etha Mcmillan,26,F,7
877,Carter Salas,33,M,8
878,Shalon Douglas,43,F,3
879,Curtis Ramsey,51,M,2
880,Cleotilde Morgan,60,F,3
881,Gus Rhodes,28,M,4
882,Erlene Dotson,40,F,2
883,Don Mccarty,42,M,6
884,Soila Sargent,49,F,7
885,Noble May,37,M,2
886,Willette Lloyd,47,F,8
887,Jake Lindsay,40,M,4
888,Chery Berry,52,F,8
889,Luke Hensley,58,M,9
890,Saturnina White,40,F,4
891,Wilbert Gibbs,58,M,4
892,Virgen Garrison,40,F,2
893,Ezra Diaz,55,M,1
894,Gidget Roy,41,F,6
895,Gerard Patterson,41,M,1
896,Kazuko Aguirre,53,F,2
897,Robert Duran,48,M,1
898,Terisa Cooley,32,F,9
899,Carlo Mosley,52,M,9
900,Emelda Frank,43,F,9
901,Jewel Hoffman,50,M,3
902,Malorie Haley,59,F,6
903,Clifton Calderon,43,M,3
904,Sharita Abbott,39,F,6
905,Joel Whitfield,28,M,9
906,Tova Stuart,52,F,3
907,Stefan Herring,54,M,4
908,Jeffie Charles,30,F,1
909,Wilber King,68,M,2
910,Rosann Estrada,70,F,9
911,Brain Hawkins,29,M,7
912,Margurite Mcdonald,31,F,8
913,Andre Nguyen,67,M,8
914,Genevive Zimmerman,70,F,3
915,Benjamin Whitney,42,M,3
916,Genna Dillard,29,F,8
917,Bruno Talley,57,M,6
918,Royce Huff,46,F,8
919,Julio Tanner,54,M,6
920,Lasandra Monroe,33,F,1
921,Alberto Rodriguez,37,M,7
922,Roselia Mcfadden,32,F,9
923,Rosario Gay,30,M,7
924,Lashell Gibson,47,F,6
925,Mauricio Snider,52,M,6
926,Apryl Mendoza,55,F,5
927,Patricia Robertson,27,M,2
928,Clelia Guy,69,F,6
929,Sylvester Gates,63,M,8
930,Camellia Juarez,27,F,4
931,Refugio Edwards,39,M,2
932,Loralee Roberson,47,F,3
933,Clark Eaton,63,M,9
934,Amira Merrill,66,F,5
935,Ferdinand Berry,54,M,1
936,Dominica Woods,70,F,7
937,Carroll Freeman,53,M,9
938,Earlie Leach,37,F,6
939,Kyle Wynn,39,M,4
940,Tanna Salas,40,F,7
941,Jeromy Mccoy,66,M,5
942,Vennie Vincent,26,F,1
943,Dion Turner,47,M,8
944,Cassaundra Gillespie,56,F,2
945,Zachary Richmond,42,M,9
946,Latina Padilla,70,F,3
947,Sergio Foreman,67,M,4
948,Karma Coffey,66,F,3
949,Ira Mcgowan,48,M,9
950,Milly House,63,F,7
951,Bennie Mcmillan,24,M,8
952,Olinda Hatfield,30,F,2
953,Vance Snow,38,M,9
954,Simonne Savage,39,F,5
955,Enoch Glover,36,M,2
956,Sarina Mendez,24,F,7
957,Micah Mercado,39,M,3
958,Cherryl Delacruz,35,F,6
959,Dalton Porter,64,M,1
960,Odilia Rasmussen,53,F,4
961,Elton Sweeney,67,M,6
962,Jonell Bridges,67,F,8
963,Dario Pollard,43,M,8
964,Cherish Haney,26,F,1
965,Marcelo Whitley,64,M,1
966,Merna Bright,51,F,2
967,Dewey Tyson,32,M,2
968,Isaura O'neil,40,F,4
969,Bryon Lamb,61,M,7
970,Tenisha Fry,39,F,8
971,Richard Harrington,47,M,9
972,Ebonie Hays,55,F,5
973,Modesto Knapp,37,M,9
974,Sharice King,53,F,1
975,Willy Patrick,32,M,8
976,Celestina Watts,67,F,8
977,Clark Deleon,45,M,8
978,Lovetta Lowery,25,F,1
979,Robbie Guthrie,53,M,7
980,Keena Hebert,43,F,2
981,Will Evans,52,M,1
982,Isidra Santiago,68,F,4
983,Ernesto Delacruz,37,M,2
984,Danille Mccoy,53,F,4
985,Burl Adkins,69,M,9
986,Franchesca Acevedo,57,F,9
987,Wilmer Mcmahon,35,M,8
988,Wenona Williamson,64,F,6
989,Cody Calderon,68,M,8
990,Micha Mercer,27,F,4
991,Ismael Burke,45,M,8
992,Izola Stein,58,F,8
993,Emerson Franklin,68,M,7
994,Loreta Leach,47,F,2
995,Octavio Barry,66,M,9
996,Vannessa Cooke,57,F,8
997,Dallas Gross,57,M,6
998,Candyce Wolfe,43,F,9
999,Eli Burks,65,M,8
1000,Mellie Morse,47,F,1
